SourceFile,FileName,ImageWidth
../assets/images/churches-sub/2019-02-23_12_46_49_DSC_3414_DxO.jpg,2019-02-23_12_46_49_DSC_3414_DxO.jpg,360
../assets/images/churches-sub/2019-03-24_12_20_27_DSC_3610_DxO.jpg,2019-03-24_12_20_27_DSC_3610_DxO.jpg,360
../assets/images/churches-sub/2019-04-19_14_01_24_DSC_4106_DxO.jpg,2019-04-19_14_01_24_DSC_4106_DxO.jpg,360
../assets/images/churches-sub/2019-04-19_14_33_15_DSC_4121_DxO.jpg,2019-04-19_14_33_15_DSC_4121_DxO.jpg,360
../assets/images/churches-sub/2019-05-06_11_37_16_DSC_4154_DxO.jpg,2019-05-06_11_37_16_DSC_4154_DxO.jpg,360
../assets/images/churches-sub/2019-05-06_15_41_00_DSC_4228_DxO.jpg,2019-05-06_15_41_00_DSC_4228_DxO.jpg,360
../assets/images/churches-sub/2019-06-01_11_16_57_DSC_4422_DxO.jpg,2019-06-01_11_16_57_DSC_4422_DxO.jpg,360
../assets/images/churches-sub/2019-06-01_11_20_14_DSC_4424_DxO.jpg,2019-06-01_11_20_14_DSC_4424_DxO.jpg,360
../assets/images/churches-sub/2019-06-01_13_55_10_DSC_4469_DxO.jpg,2019-06-01_13_55_10_DSC_4469_DxO.jpg,160
../assets/images/churches-sub/2019-06-01_13_57_28_DSC_4473_DxO.jpg,2019-06-01_13_57_28_DSC_4473_DxO.jpg,160
../assets/images/churches-sub/2019-06-19_15_56_04_DSC_4539_DxO.jpg,2019-06-19_15_56_04_DSC_4539_DxO.jpg,360
../assets/images/churches-sub/2019-06-19_15_58_52_DSC_4540_DxO.jpg,2019-06-19_15_58_52_DSC_4540_DxO.jpg,360
../assets/images/churches-sub/2019-07-13_09_52_11_DSC_4607_DxO.jpg,2019-07-13_09_52_11_DSC_4607_DxO.jpg,360
../assets/images/churches-sub/2019-07-13_09_53_10_DSC_4609_DxO.jpg,2019-07-13_09_53_10_DSC_4609_DxO.jpg,160
../assets/images/churches-sub/2019-08-03_11_40_25_DSC_4701_DxO.jpg,2019-08-03_11_40_25_DSC_4701_DxO.jpg,160
../assets/images/churches-sub/2019-08-03_11_40_49_DSC_4702_DxO.jpg,2019-08-03_11_40_49_DSC_4702_DxO.jpg,360
../assets/images/churches-sub/2019-08-23_12_43_08_DSC_4710_DxO.jpg,2019-08-23_12_43_08_DSC_4710_DxO.jpg,160
../assets/images/churches-sub/2019-08-23_12_43_52_DSC_4711_DxO.jpg,2019-08-23_12_43_52_DSC_4711_DxO.jpg,160
../assets/images/churches-sub/2019-08-26_14_06_40_DSC_4867_DxO.jpg,2019-08-26_14_06_40_DSC_4867_DxO.jpg,160
../assets/images/churches-sub/2019-08-26_14_08_15_DSC_4868_DxO.jpg,2019-08-26_14_08_15_DSC_4868_DxO.jpg,133
../assets/images/churches-sub/2019-08-31_15_47_20_DSC_4969_DxO.jpg,2019-08-31_15_47_20_DSC_4969_DxO.jpg,160
../assets/images/churches-sub/2019-09-01_13_45_36_DSC_4999_DxO.jpg,2019-09-01_13_45_36_DSC_4999_DxO.jpg,276
../assets/images/churches-sub/2019-09-01_14_04_32_DSC_5026_DxO.jpg,2019-09-01_14_04_32_DSC_5026_DxO.jpg,360
../assets/images/churches-sub/2019-09-01_14_05_46_DSC_5027_DxO.jpg,2019-09-01_14_05_46_DSC_5027_DxO.jpg,360
../assets/images/churches-sub/2019-09-18_14_55_20_DSC_5076_DxO.jpg,2019-09-18_14_55_20_DSC_5076_DxO.jpg,360
../assets/images/churches-sub/2019-09-21_11_41_02_DSC_5080_DxO.jpg,2019-09-21_11_41_02_DSC_5080_DxO.jpg,360
../assets/images/churches-sub/2019-09-28_13_26_29_DSC_0004_DxO.jpg,2019-09-28_13_26_29_DSC_0004_DxO.jpg,160
../assets/images/churches-sub/2019-09-28_13_26_29_DSC_0006_DxO.jpg,2019-09-28_13_26_29_DSC_0006_DxO.jpg,160
../assets/images/churches-sub/2019-09-28_13_26_29_DSC_0007_DxO.jpg,2019-09-28_13_26_29_DSC_0007_DxO.jpg,160
../assets/images/churches-sub/2019-09-28_13_26_29_DSC_0009_DxO.jpg,2019-09-28_13_26_29_DSC_0009_DxO.jpg,160
../assets/images/churches-sub/2019-09-28_13_26_29_DSC_0011_DxO.jpg,2019-09-28_13_26_29_DSC_0011_DxO.jpg,160
../assets/images/churches-sub/2019-09-28_13_26_29_DSC_0016_DxO.jpg,2019-09-28_13_26_29_DSC_0016_DxO.jpg,160
../assets/images/churches-sub/2019-09-28_13_26_29_DSC_0018_DxO.jpg,2019-09-28_13_26_29_DSC_0018_DxO.jpg,160
../assets/images/churches-sub/2019-09-28_13_26_29_DSC_0019_DxO.jpg,2019-09-28_13_26_29_DSC_0019_DxO.jpg,160
../assets/images/churches-sub/2019-10-12_12_53_36_DSC_5357_DxO.jpg,2019-10-12_12_53_36_DSC_5357_DxO.jpg,360
../assets/images/churches-sub/2019-12-14_12_56_14_DSC_5992_DxO.jpg,2019-12-14_12_56_14_DSC_5992_DxO.jpg,360
../assets/images/churches-sub/2019-12-14_12_59_16_DSC_5995_DxO.jpg,2019-12-14_12_59_16_DSC_5995_DxO.jpg,160
../assets/images/churches-sub/2019-12-21_14_54_15_DSC_6034_DxO.jpg,2019-12-21_14_54_15_DSC_6034_DxO.jpg,160
../assets/images/churches-sub/2019-12-21_14_59_16_DSC_6042_DxO.jpg,2019-12-21_14_59_16_DSC_6042_DxO.jpg,160
../assets/images/churches-sub/2019-12-21_15_09_36_DSC_6049_DxO.jpg,2019-12-21_15_09_36_DSC_6049_DxO.jpg,110
../assets/images/churches-sub/2019-12-21_15_13_05_DSC_6052_DxO.jpg,2019-12-21_15_13_05_DSC_6052_DxO.jpg,160
../assets/images/churches-sub/2019-12-22_11_37_34_IMG_6206.jpg,2019-12-22_11_37_34_IMG_6206.jpg,320
../assets/images/churches-sub/2019-12-22_11_38_13_IMG_6208.jpg,2019-12-22_11_38_13_IMG_6208.jpg,320
../assets/images/churches-sub/2019-12-22_11_47_16_IMG_6212.jpg,2019-12-22_11_47_16_IMG_6212.jpg,320
../assets/images/churches-sub/2019-12-22_11_56_02_IMG_6218.jpg,2019-12-22_11_56_02_IMG_6218.jpg,320
../assets/images/churches-sub/2020-01-04_15_00_51_DSC_6105_DxO.jpg,2020-01-04_15_00_51_DSC_6105_DxO.jpg,160
../assets/images/churches-sub/2020-01-04_15_02_01_DSC_6107_DxO.jpg,2020-01-04_15_02_01_DSC_6107_DxO.jpg,160
../assets/images/churches-sub/2020-01-04_15_03_33_DSC_6110_DxO.jpg,2020-01-04_15_03_33_DSC_6110_DxO.jpg,160
../assets/images/churches-sub/2020-01-04_15_06_03_DSC_6111_DxO.jpg,2020-01-04_15_06_03_DSC_6111_DxO.jpg,160
../assets/images/churches-sub/2020-01-04_15_11_18_DSC_6119_DxO.jpg,2020-01-04_15_11_18_DSC_6119_DxO.jpg,160
../assets/images/churches-sub/2020-01-04_15_13_36_DSC_6123_DxO.jpg,2020-01-04_15_13_36_DSC_6123_DxO.jpg,160
../assets/images/churches-sub/2020-01-12_15_52_57_DSC_6218_DxO.jpg,2020-01-12_15_52_57_DSC_6218_DxO.jpg,178
../assets/images/churches-sub/2020-01-12_15_55_16_DSC_6223_DxO.jpg,2020-01-12_15_55_16_DSC_6223_DxO.jpg,191
../assets/images/churches-sub/2020-01-12_15_55_58_DSC_6224_DxO.jpg,2020-01-12_15_55_58_DSC_6224_DxO.jpg,172
../assets/images/churches-sub/2020-01-12_15_57_40_DSC_6226_DxO.jpg,2020-01-12_15_57_40_DSC_6226_DxO.jpg,155
../assets/images/churches-sub/2020-01-18_12_38_49_DSC_6244_DxO.jpg,2020-01-18_12_38_49_DSC_6244_DxO.jpg,167
../assets/images/churches-sub/2020-01-18_12_39_03_DSC_6245_DxO.jpg,2020-01-18_12_39_03_DSC_6245_DxO.jpg,159
../assets/images/churches-sub/2020-01-18_12_41_23_DSC_6246_DxO.jpg,2020-01-18_12_41_23_DSC_6246_DxO.jpg,220
../assets/images/churches-sub/2020-01-18_12_41_53_DSC_6247_DxO.jpg,2020-01-18_12_41_53_DSC_6247_DxO.jpg,113
../assets/images/churches-sub/2020-01-18_12_43_58_DSC_6250_DxO.jpg,2020-01-18_12_43_58_DSC_6250_DxO.jpg,160
../assets/images/churches-sub/2020-01-18_12_48_52_DSC_6252_DxO.jpg,2020-01-18_12_48_52_DSC_6252_DxO.jpg,244
../assets/images/churches-sub/2020-01-25_14_59_41_IMG_6240_DxO.jpg,2020-01-25_14_59_41_IMG_6240_DxO.jpg,182
../assets/images/churches-sub/2020-01-25_15_04_00_DSC_6291_DxO.jpg,2020-01-25_15_04_00_DSC_6291_DxO.jpg,186
../assets/images/churches-sub/2020-01-25_15_04_52_DSC_6292_DxO.jpg,2020-01-25_15_04_52_DSC_6292_DxO.jpg,160
../assets/images/churches-sub/2020-01-25_15_05_26_DSC_6293_DxO.jpg,2020-01-25_15_05_26_DSC_6293_DxO.jpg,240
../assets/images/churches-sub/2020-01-25_15_06_34_DSC_6294_DxO.jpg,2020-01-25_15_06_34_DSC_6294_DxO.jpg,134
../assets/images/churches-sub/2020-02-01_12_48_58_DSC_6306_DxO.jpg,2020-02-01_12_48_58_DSC_6306_DxO.jpg,160
../assets/images/churches-sub/2020-02-01_12_54_45_DSC_6315_DxO.jpg,2020-02-01_12_54_45_DSC_6315_DxO.jpg,167
../assets/images/churches-sub/2020-02-01_12_56_28_DSC_6320_DxO.jpg,2020-02-01_12_56_28_DSC_6320_DxO.jpg,132
../assets/images/churches-sub/2020-02-01_12_56_47_DSC_6321_DxO.jpg,2020-02-01_12_56_47_DSC_6321_DxO.jpg,147
../assets/images/churches-sub/2020-02-01_12_57_06_DSC_6323_DxO.jpg,2020-02-01_12_57_06_DSC_6323_DxO.jpg,207
../assets/images/churches-sub/2020-02-01_12_57_32_DSC_6324_DxO.jpg,2020-02-01_12_57_32_DSC_6324_DxO.jpg,343
../assets/images/churches-sub/2020-02-01_12_58_35_DSC_6325_DxO.jpg,2020-02-01_12_58_35_DSC_6325_DxO.jpg,151
../assets/images/churches-sub/2020-02-08_11_55_02_DSC_6349_DxO.jpg,2020-02-08_11_55_02_DSC_6349_DxO.jpg,160
../assets/images/churches-sub/2020-02-08_11_56_19_DSC_6352_DxO.jpg,2020-02-08_11_56_19_DSC_6352_DxO.jpg,360
../assets/images/churches-sub/2020-02-08_12_02_45_DSC_6356_DxO.jpg,2020-02-08_12_02_45_DSC_6356_DxO.jpg,195
../assets/images/churches-sub/2020-02-08_12_08_27_DSC_6359_DxO.jpg,2020-02-08_12_08_27_DSC_6359_DxO.jpg,101
../assets/images/churches-sub/2020-02-08_12_09_43_DSC_6361_DxO.jpg,2020-02-08_12_09_43_DSC_6361_DxO.jpg,160
../assets/images/churches-sub/2020-02-08_12_11_24_DSC_6362_DxO.jpg,2020-02-08_12_11_24_DSC_6362_DxO.jpg,176
../assets/images/churches-sub/2020-02-08_12_16_11_DSC_6363_DxO.jpg,2020-02-08_12_16_11_DSC_6363_DxO.jpg,160
../assets/images/churches-sub/2020-02-08_12_22_49_DSC_6367_DxO.jpg,2020-02-08_12_22_49_DSC_6367_DxO.jpg,160
../assets/images/churches-sub/2020-02-08_12_29_55_DSC_6371_DxO.jpg,2020-02-08_12_29_55_DSC_6371_DxO.jpg,96
../assets/images/churches-sub/2020-02-08_15_32_15_DSC_6505_DxO.jpg,2020-02-08_15_32_15_DSC_6505_DxO.jpg,165
../assets/images/churches-sub/2020-02-08_15_32_39_DSC_6506_DxO.jpg,2020-02-08_15_32_39_DSC_6506_DxO.jpg,184
../assets/images/churches-sub/2020-02-08_15_33_08_DSC_6507_DxO.jpg,2020-02-08_15_33_08_DSC_6507_DxO.jpg,160
../assets/images/churches-sub/2020-02-08_15_34_23_DSC_6511_DxO.jpg,2020-02-08_15_34_23_DSC_6511_DxO.jpg,150
../assets/images/churches-sub/2020-02-08_15_34_48_DSC_6512_DxO.jpg,2020-02-08_15_34_48_DSC_6512_DxO.jpg,374
../assets/images/churches-sub/2020-02-08_15_35_05_DSC_6513_DxO.jpg,2020-02-08_15_35_05_DSC_6513_DxO.jpg,160
../assets/images/churches-sub/2020-02-08_15_35_22_DSC_6514_DxO.jpg,2020-02-08_15_35_22_DSC_6514_DxO.jpg,160
../assets/images/churches-sub/2020-02-08_15_35_42_DSC_6516_DxO.jpg,2020-02-08_15_35_42_DSC_6516_DxO.jpg,160
../assets/images/churches-sub/2020-02-08_15_36_12_DSC_6518_DxO.jpg,2020-02-08_15_36_12_DSC_6518_DxO.jpg,360
../assets/images/churches-sub/2020-02-08_15_36_29_DSC_6519_DxO.jpg,2020-02-08_15_36_29_DSC_6519_DxO.jpg,160
