Subject,Start Date,Start Time,End Date,End Time,All Day Event,Description,Location,Private
Petton Garden Trail,03/05/2020,,03/05/2020,,TRUE,,,
Neen Sollars Garden Trail,17/05/2020,,17/05/2020,,TRUE,,,
Morville Hall Gardens,17/05/2020,,17/05/2020,,TRUE,,,
The Hurst - Clunton,17/05/2020,,17/05/2020,,TRUE,,,
Eyton Hall,31/05/2020,,31/05/2020,,TRUE,,,
Stokesay Court,07/06/2020,,07/06/2020,,TRUE,,,
Tugford Gardens,07/06/2020,,07/06/2020,,TRUE,,,
Shrawardine Garden Trail,14/06/2020,,14/06/2020,,TRUE,,,
Culmington Village Gardens,14/06/2020,,14/06/2020,,TRUE,,,
Little Ness and Adcote Garden Trail,21/06/2020,,21/06/2020,,TRUE,,,
Clee St Margaret Garden Trail,21/06/2020,,21/06/2020,,TRUE,,,
Westwood House - Oldbury,21/06/2020,,21/06/2020,,TRUE,,,
Cressage Garden Trail,28/06/2020,,28/06/2020,,TRUE,,,
Colmere and Lyneal Garden Trail,04/07/2020,,04/07/2020,,TRUE,,,
Colmere and Lyneal Garden Trail,04/07/2020,,04/07/2020,,TRUE,,,
Cleobury Mortimer Garden Trail,05/07/2020,,05/07/2020,,TRUE,,,
Golding Hall,05/07/2020,,05/07/2020,,TRUE,,,
Bitterley Court,12/07/2020,,12/07/2020,,TRUE,,,
Sambrook Manor,26/07/2020,,26/07/2020,,TRUE,,,
Cardington Garden Trail,02/08/2020,,02/08/2020,,TRUE,,,
Nash Court,16/08/2020,,16/08/2020,,TRUE,,,
